Disease,Symptom_0,Symptom_1,Symptom_2,Symptom_3,Symptom_4,Symptom_5,Symptom_6,Symptom_7,Symptom_8,Symptom_9,Symptom_10,Symptom_11,Symptom_12,Symptom_13,Symptom_14,Symptom_15,Symptom_16
aids,muscle_wasting,patches_in_throat,high_fever,extra_marital_contacts,,,,,,,,,,,,,
aids,patches_in_throat,high_fever,extra_marital_contacts,,,,,,,,,,,,,,
aids,muscle_wasting,high_fever,extra_marital_contacts,,,,,,,,,,,,,,
aids,muscle_wasting,patches_in_throat,extra_marital_contacts,,,,,,,,,,,,,,
aids,muscle_wasting,patches_in_throat,high_fever,,,,,,,,,,,,,,
acne,skin_rash,pus_filled_pimples,blackheads,scurrying,,,,,,,,,,,,,
acne,pus_filled_pimples,blackheads,scurrying,,,,,,,,,,,,,,
acne,skin_rash,blackheads,scurrying,,,,,,,,,,,,,,
acne,skin_rash,pus_filled_pimples,scurrying,,,,,,,,,,,,,,
acne,skin_rash,pus_filled_pimples,blackheads,,,,,,,,,,,,,,
alcoholic_hepatitis,vomiting,yellowish_skin,swelling_of_stomach,distention_of_abdomen,history_of_alcohol_consumption,fluid_overload,,,,,,,,,,,
alcoholic_hepatitis,yellowish_skin,abdominal_pain,swelling_of_stomach,distention_of_abdomen,history_of_alcohol_consumption,fluid_overload,,,,,,,,,,,
alcoholic_hepatitis,vomiting,yellowish_skin,abdominal_pain,swelling_of_stomach,distention_of_abdomen,history_of_alcohol_consumption,,,,,,,,,,,
alcoholic_hepatitis,vomiting,yellowish_skin,abdominal_pain,swelling_of_stomach,distention_of_abdomen,fluid_overload,,,,,,,,,,,
alcoholic_hepatitis,vomiting,yellowish_skin,abdominal_pain,swelling_of_stomach,history_of_alcohol_consumption,fluid_overload,,,,,,,,,,,
alcoholic_hepatitis,vomiting,yellowish_skin,abdominal_pain,distention_of_abdomen,history_of_alcohol_consumption,fluid_overload,,,,,,,,,,,
alcoholic_hepatitis,vomiting,abdominal_pain,swelling_of_stomach,distention_of_abdomen,history_of_alcohol_consumption,fluid_overload,,,,,,,,,,,
alcoholic_hepatitis,vomiting,yellowish_skin,abdominal_pain,swelling_of_stomach,distention_of_abdomen,history_of_alcohol_consumption,fluid_overload,,,,,,,,,,
allergy,shivering,chills,watering_from_eyes,,,,,,,,,,,,,,
allergy,continuous_sneezing,shivering,watering_from_eyes,,,,,,,,,,,,,,
allergy,continuous_sneezing,shivering,chills,,,,,,,,,,,,,,
allergy,continuous_sneezing,shivering,chills,watering_from_eyes,,,,,,,,,,,,,
allergy,continuous_sneezing,chills,watering_from_eyes,,,,,,,,,,,,,,
arthritis,muscle_weakness,stiff_neck,swelling_joints,movement_stiffness,painful_walking,,,,,,,,,,,,
arthritis,stiff_neck,swelling_joints,movement_stiffness,painful_walking,,,,,,,,,,,,,
arthritis,muscle_weakness,swelling_joints,movement_stiffness,painful_walking,,,,,,,,,,,,,
arthritis,muscle_weakness,stiff_neck,movement_stiffness,painful_walking,,,,,,,,,,,,,
arthritis,muscle_weakness,stiff_neck,swelling_joints,painful_walking,,,,,,,,,,,,,
arthritis,muscle_weakness,stiff_neck,swelling_joints,movement_stiffness,,,,,,,,,,,,,
bronchial_asthma,fatigue,cough,high_fever,breathlessness,family_history,mucoid_sputum,,,,,,,,,,,
bronchial_asthma,fatigue,cough,breathlessness,family_history,mucoid_sputum,,,,,,,,,,,,
bronchial_asthma,fatigue,cough,high_fever,family_history,mucoid_sputum,,,,,,,,,,,,
bronchial_asthma,fatigue,cough,high_fever,breathlessness,mucoid_sputum,,,,,,,,,,,,
bronchial_asthma,fatigue,cough,high_fever,breathlessness,family_history,,,,,,,,,,,,
bronchial_asthma,cough,high_fever,breathlessness,family_history,mucoid_sputum,,,,,,,,,,,,
bronchial_asthma,fatigue,high_fever,breathlessness,family_history,mucoid_sputum,,,,,,,,,,,,
cervical_spondylosis,back_pain,weakness_in_limbs,neck_pain,dizziness,loss_of_balance,,,,,,,,,,,,
cervical_spondylosis,weakness_in_limbs,neck_pain,dizziness,loss_of_balance,,,,,,,,,,,,,
cervical_spondylosis,back_pain,neck_pain,dizziness,loss_of_balance,,,,,,,,,,,,,
cervical_spondylosis,back_pain,weakness_in_limbs,dizziness,loss_of_balance,,,,,,,,,,,,,
cervical_spondylosis,back_pain,weakness_in_limbs,neck_pain,dizziness,,,,,,,,,,,,,
cervical_spondylosis,back_pain,weakness_in_limbs,neck_pain,loss_of_balance,,,,,,,,,,,,,
chicken_pox,itching,skin_rash,fatigue,lethargy,high_fever,headache,loss_of_appetite,fever,swelled_lymph_nodes,malaise,red_spots_over_body,,,,,,
chicken_pox,itching,skin_rash,fatigue,lethargy,headache,loss_of_appetite,fever,swelled_lymph_nodes,malaise,red_spots_over_body,,,,,,,
chicken_pox,itching,skin_rash,fatigue,lethargy,high_fever,loss_of_appetite,fever,swelled_lymph_nodes,malaise,red_spots_over_body,,,,,,,
chicken_pox,itching,skin_rash,fatigue,lethargy,high_fever,headache,fever,swelled_lymph_nodes,malaise,red_spots_over_body,,,,,,,
chicken_pox,itching,skin_rash,fatigue,lethargy,high_fever,headache,loss_of_appetite,fever,malaise,red_spots_over_body,,,,,,,
chicken_pox,skin_rash,fatigue,lethargy,high_fever,headache,loss_of_appetite,fever,swelled_lymph_nodes,malaise,red_spots_over_body,,,,,,,
chicken_pox,itching,skin_rash,fatigue,lethargy,high_fever,headache,loss_of_appetite,swelled_lymph_nodes,malaise,red_spots_over_body,,,,,,,
chicken_pox,itching,fatigue,lethargy,high_fever,headache,loss_of_appetite,fever,swelled_lymph_nodes,malaise,red_spots_over_body,,,,,,,
chicken_pox,itching,skin_rash,lethargy,high_fever,headache,loss_of_appetite,fever,swelled_lymph_nodes,malaise,red_spots_over_body,,,,,,,
chicken_pox,itching,skin_rash,fatigue,high_fever,headache,loss_of_appetite,fever,swelled_lymph_nodes,malaise,red_spots_over_body,,,,,,,
chronic_cholestasis,vomiting,yellowish_skin,nausea,loss_of_appetite,abdominal_pain,yellowing_of_eyes,,,,,,,,,,,
chronic_cholestasis,itching,vomiting,yellowish_skin,loss_of_appetite,abdominal_pain,yellowing_of_eyes,,,,,,,,,,,
chronic_cholestasis,itching,vomiting,yellowish_skin,nausea,loss_of_appetite,yellowing_of_eyes,,,,,,,,,,,
chronic_cholestasis,itching,vomiting,yellowish_skin,nausea,abdominal_pain,yellowing_of_eyes,,,,,,,,,,,
chronic_cholestasis,itching,vomiting,yellowish_skin,nausea,loss_of_appetite,abdominal_pain,,,,,,,,,,,
chronic_cholestasis,itching,vomiting,yellowish_skin,nausea,loss_of_appetite,abdominal_pain,yellowing_of_eyes,,,,,,,,,,
chronic_cholestasis,itching,vomiting,nausea,loss_of_appetite,abdominal_pain,yellowing_of_eyes,,,,,,,,,,,
chronic_cholestasis,itching,yellowish_skin,nausea,loss_of_appetite,abdominal_pain,yellowing_of_eyes,,,,,,,,,,,
common_cold,continuous_sneezing,chills,fatigue,cough,high_fever,swelled_lymph_nodes,malaise,phlegm,throat_irritation,redness_of_eyes,sinus_pressure,runny_nose,congestion,chest_pain,loss_of_smell,muscle_pain,
common_cold,continuous_sneezing,fatigue,cough,high_fever,headache,swelled_lymph_nodes,malaise,phlegm,throat_irritation,redness_of_eyes,sinus_pressure,runny_nose,congestion,chest_pain,loss_of_smell,muscle_pain,
common_cold,continuous_sneezing,chills,fatigue,cough,high_fever,headache,swelled_lymph_nodes,malaise,phlegm,throat_irritation,redness_of_eyes,sinus_pressure,runny_nose,congestion,chest_pain,loss_of_smell,muscle_pain
common_cold,continuous_sneezing,chills,fatigue,cough,headache,swelled_lymph_nodes,malaise,phlegm,throat_irritation,redness_of_eyes,sinus_pressure,runny_nose,congestion,chest_pain,loss_of_smell,muscle_pain,
common_cold,continuous_sneezing,chills,fatigue,cough,high_fever,headache,malaise,phlegm,throat_irritation,redness_of_eyes,sinus_pressure,runny_nose,congestion,chest_pain,loss_of_smell,muscle_pain,
common_cold,continuous_sneezing,chills,fatigue,cough,high_fever,headache,swelled_lymph_nodes,phlegm,throat_irritation,redness_of_eyes,sinus_pressure,runny_nose,congestion,chest_pain,loss_of_smell,muscle_pain,
common_cold,chills,fatigue,cough,high_fever,headache,swelled_lymph_nodes,malaise,phlegm,throat_irritation,redness_of_eyes,sinus_pressure,runny_nose,congestion,chest_pain,loss_of_smell,muscle_pain,
common_cold,continuous_sneezing,chills,cough,high_fever,headache,swelled_lymph_nodes,malaise,phlegm,throat_irritation,redness_of_eyes,sinus_pressure,runny_nose,congestion,chest_pain,loss_of_smell,muscle_pain,
common_cold,continuous_sneezing,chills,fatigue,high_fever,headache,swelled_lymph_nodes,malaise,phlegm,throat_irritation,redness_of_eyes,sinus_pressure,runny_nose,congestion,chest_pain,loss_of_smell,muscle_pain,
covid,tiredness,high_fever,loss_of_taste,cough,,,,,,,,,,,,,
covid,high_fever,loss_of_taste,cough,tiredness,,,,,,,,,,,,,
covid,cough,high_fever,tiredness,loss_of_taste,,,,,,,,,,,,,
covid,loss_of_taste,tiredness,high_fever,cough,,,,,,,,,,,,,
covid,high_fever,cough,tiredness,loss_of_taste,,,,,,,,,,,,,
covid,tiredness,loss_of_smell,high_fever,cough,,,,,,,,,,,,,
covid,loss_of_smell,tiredness,high_fever,cough,,,,,,,,,,,,,
covid,loss_of_taste,cough,tiredness,high_fever,,,,,,,,,,,,,
covid,high_fever,tiredness,cough,loss_of_taste,,,,,,,,,,,,,
dengue,skin_rash,chills,joint_pain,vomiting,fatigue,headache,nausea,loss_of_appetite,pain_behind_the_eyes,back_pain,malaise,muscle_pain,red_spots_over_body,,,,
dengue,skin_rash,chills,joint_pain,fatigue,high_fever,headache,nausea,loss_of_appetite,pain_behind_the_eyes,back_pain,malaise,muscle_pain,red_spots_over_body,,,,
dengue,skin_rash,chills,joint_pain,vomiting,high_fever,headache,nausea,loss_of_appetite,pain_behind_the_eyes,back_pain,malaise,muscle_pain,red_spots_over_body,,,,
dengue,skin_rash,chills,joint_pain,vomiting,fatigue,high_fever,headache,nausea,loss_of_appetite,pain_behind_the_eyes,back_pain,malaise,red_spots_over_body,,,,
dengue,skin_rash,chills,joint_pain,vomiting,fatigue,high_fever,headache,nausea,loss_of_appetite,pain_behind_the_eyes,back_pain,muscle_pain,red_spots_over_body,,,,
dengue,skin_rash,chills,joint_pain,vomiting,fatigue,high_fever,headache,nausea,loss_of_appetite,pain_behind_the_eyes,back_pain,malaise,muscle_pain,red_spots_over_body,,,
dengue,chills,joint_pain,vomiting,fatigue,high_fever,headache,nausea,loss_of_appetite,pain_behind_the_eyes,back_pain,malaise,muscle_pain,red_spots_over_body,,,,
dengue,skin_rash,joint_pain,vomiting,fatigue,high_fever,headache,nausea,loss_of_appetite,pain_behind_the_eyes,back_pain,malaise,muscle_pain,red_spots_over_body,,,,
dengue,skin_rash,chills,vomiting,fatigue,high_fever,headache,nausea,loss_of_appetite,pain_behind_the_eyes,back_pain,malaise,muscle_pain,red_spots_over_body,,,,
dengue,skin_rash,chills,joint_pain,vomiting,fatigue,high_fever,headache,nausea,loss_of_appetite,pain_behind_the_eyes,back_pain,malaise,muscle_pain,,,,
diabetes,fatigue,weight_loss,restlessness,lethargy,irregular_sugar_level,blurred_and_distorted_vision,obesity,increased_appetite,polyuria,,,,,,,,
diabetes,weight_loss,restlessness,lethargy,irregular_sugar_level,blurred_and_distorted_vision,obesity,excessive_hunger,increased_appetite,polyuria,,,,,,,,
diabetes,fatigue,weight_loss,restlessness,lethargy,irregular_sugar_level,blurred_and_distorted_vision,obesity,excessive_hunger,increased_appetite,polyuria,,,,,,,
diabetes,fatigue,weight_loss,restlessness,lethargy,irregular_sugar_level,obesity,excessive_hunger,increased_appetite,polyuria,,,,,,,,
diabetes,fatigue,weight_loss,restlessness,lethargy,irregular_sugar_level,blurred_and_distorted_vision,excessive_hunger,increased_appetite,polyuria,,,,,,,,
diabetes,fatigue,weight_loss,restlessness,irregular_sugar_level,blurred_and_distorted_vision,obesity,excessive_hunger,increased_appetite,polyuria,,,,,,,,
diabetes,fatigue,weight_loss,lethargy,irregular_sugar_level,blurred_and_distorted_vision,obesity,excessive_hunger,increased_appetite,polyuria,,,,,,,,
diabetes,fatigue,restlessness,lethargy,irregular_sugar_level,blurred_and_distorted_vision,obesity,excessive_hunger,increased_appetite,polyuria,,,,,,,,
diabetes,fatigue,weight_loss,restlessness,lethargy,blurred_and_distorted_vision,obesity,excessive_hunger,increased_appetite,polyuria,,,,,,,,
dimorphic_hemorrhoids,constipation,pain_during_bowel_movements,pain_in_anal_region,irritation_in_anus,,,,,,,,,,,,,
dimorphic_hemorrhoids,constipation,pain_during_bowel_movements,pain_in_anal_region,bloody_stool,irritation_in_anus,,,,,,,,,,,,
dimorphic_hemorrhoids,constipation,pain_during_bowel_movements,bloody_stool,irritation_in_anus,,,,,,,,,,,,,
dimorphic_hemorrhoids,pain_during_bowel_movements,pain_in_anal_region,bloody_stool,irritation_in_anus,,,,,,,,,,,,,
dimorphic_hemorrhoids,constipation,pain_during_bowel_movements,pain_in_anal_region,bloody_stool,,,,,,,,,,,,,
dimorphic_hemorrhoids,constipation,pain_in_anal_region,bloody_stool,irritation_in_anus,,,,,,,,,,,,,
drug_reaction,skin_rash,stomach_pain,burning_micturition,spotting_urination,,,,,,,,,,,,,
drug_reaction,itching,skin_rash,stomach_pain,burning_micturition,,,,,,,,,,,,,
drug_reaction,itching,skin_rash,stomach_pain,spotting_urination,,,,,,,,,,,,,
drug_reaction,itching,skin_rash,burning_micturition,spotting_urination,,,,,,,,,,,,,
drug_reaction,itching,stomach_pain,burning_micturition,spotting_urination,,,,,,,,,,,,,
drug_reaction,itching,skin_rash,stomach_pain,burning_micturition,spotting_urination,,,,,,,,,,,,
fungal_infection,itching,skin_rash,nodal_skin_eruptions,dyschromic_patches,,,,,,,,,,,,,
fungal_infection,itching,skin_rash,dyschromic_patches,,,,,,,,,,,,,,
fungal_infection,skin_rash,nodal_skin_eruptions,dyschromic_patches,,,,,,,,,,,,,,
fungal_infection,itching,nodal_skin_eruptions,dyschromic_patches,,,,,,,,,,,,,,
fungal_infection,itching,skin_rash,nodal_skin_eruptions,,,,,,,,,,,,,,
gerd,stomach_pain,acidity,vomiting,cough,chest_pain,,,,,,,,,,,,
gerd,stomach_pain,acidity,ulcers_on_tongue,cough,chest_pain,,,,,,,,,,,,
gerd,stomach_pain,acidity,ulcers_on_tongue,vomiting,chest_pain,,,,,,,,,,,,
gerd,stomach_pain,acidity,ulcers_on_tongue,vomiting,cough,,,,,,,,,,,,
gerd,acidity,ulcers_on_tongue,vomiting,cough,chest_pain,,,,,,,,,,,,
gerd,stomach_pain,acidity,ulcers_on_tongue,vomiting,cough,chest_pain,,,,,,,,,,,
gerd,stomach_pain,ulcers_on_tongue,vomiting,cough,chest_pain,,,,,,,,,,,,
gastroenteritis,vomiting,dehydration,diarrhoea,,,,,,,,,,,,,,
gastroenteritis,vomiting,sunken_eyes,diarrhoea,,,,,,,,,,,,,,
gastroenteritis,vomiting,sunken_eyes,dehydration,,,,,,,,,,,,,,
gastroenteritis,vomiting,sunken_eyes,dehydration,diarrhoea,,,,,,,,,,,,,
gastroenteritis,sunken_eyes,dehydration,diarrhoea,,,,,,,,,,,,,,
heart_attack,vomiting,breathlessness,sweating,chest_pain,,,,,,,,,,,,,
heart_attack,breathlessness,sweating,chest_pain,,,,,,,,,,,,,,
heart_attack,vomiting,breathlessness,sweating,,,,,,,,,,,,,,
heart_attack,vomiting,breathlessness,chest_pain,,,,,,,,,,,,,,
heart_attack,vomiting,sweating,chest_pain,,,,,,,,,,,,,,
hepatitis_a,joint_pain,vomiting,yellowish_skin,dark_urine,nausea,abdominal_pain,diarrhoea,fever,yellowing_of_eyes,muscle_pain,,,,,,,
hepatitis_a,joint_pain,vomiting,yellowish_skin,dark_urine,loss_of_appetite,abdominal_pain,diarrhoea,fever,yellowing_of_eyes,muscle_pain,,,,,,,
hepatitis_a,joint_pain,vomiting,yellowish_skin,nausea,loss_of_appetite,abdominal_pain,diarrhoea,fever,yellowing_of_eyes,muscle_pain,,,,,,,
hepatitis_a,joint_pain,vomiting,dark_urine,nausea,loss_of_appetite,abdominal_pain,diarrhoea,fever,yellowing_of_eyes,muscle_pain,,,,,,,
hepatitis_a,joint_pain,yellowish_skin,dark_urine,nausea,loss_of_appetite,abdominal_pain,diarrhoea,fever,yellowing_of_eyes,muscle_pain,,,,,,,
hepatitis_a,vomiting,yellowish_skin,dark_urine,nausea,loss_of_appetite,abdominal_pain,diarrhoea,fever,yellowing_of_eyes,muscle_pain,,,,,,,
hepatitis_a,joint_pain,vomiting,yellowish_skin,dark_urine,nausea,loss_of_appetite,abdominal_pain,diarrhoea,fever,yellowing_of_eyes,muscle_pain,,,,,,
hepatitis_a,joint_pain,vomiting,yellowish_skin,dark_urine,nausea,loss_of_appetite,abdominal_pain,fever,yellowing_of_eyes,muscle_pain,,,,,,,
hepatitis_a,joint_pain,vomiting,yellowish_skin,dark_urine,nausea,loss_of_appetite,diarrhoea,fever,yellowing_of_eyes,muscle_pain,,,,,,,
hepatitis_b,itching,fatigue,yellowish_skin,dark_urine,loss_of_appetite,abdominal_pain,yellow_urine,yellowing_of_eyes,malaise,receiving_blood_transfusion,receiving_unsterile_injections,,,,,,
hepatitis_b,itching,fatigue,lethargy,dark_urine,loss_of_appetite,abdominal_pain,yellow_urine,yellowing_of_eyes,malaise,receiving_blood_transfusion,receiving_unsterile_injections,,,,,,
hepatitis_b,itching,fatigue,lethargy,yellowish_skin,loss_of_appetite,abdominal_pain,yellow_urine,yellowing_of_eyes,malaise,receiving_blood_transfusion,receiving_unsterile_injections,,,,,,
hepatitis_b,itching,fatigue,lethargy,yellowish_skin,dark_urine,abdominal_pain,yellow_urine,yellowing_of_eyes,malaise,receiving_blood_transfusion,receiving_unsterile_injections,,,,,,
hepatitis_b,itching,fatigue,lethargy,yellowish_skin,dark_urine,loss_of_appetite,yellow_urine,yellowing_of_eyes,malaise,receiving_blood_transfusion,receiving_unsterile_injections,,,,,,
hepatitis_b,itching,fatigue,lethargy,yellowish_skin,dark_urine,loss_of_appetite,abdominal_pain,yellowing_of_eyes,malaise,receiving_blood_transfusion,receiving_unsterile_injections,,,,,,
hepatitis_b,itching,fatigue,lethargy,yellowish_skin,dark_urine,loss_of_appetite,abdominal_pain,yellow_urine,yellowing_of_eyes,malaise,receiving_blood_transfusion,receiving_unsterile_injections,,,,,
hepatitis_b,itching,lethargy,yellowish_skin,dark_urine,loss_of_appetite,abdominal_pain,yellow_urine,yellowing_of_eyes,malaise,receiving_blood_transfusion,receiving_unsterile_injections,,,,,,
hepatitis_b,fatigue,lethargy,yellowish_skin,dark_urine,loss_of_appetite,abdominal_pain,yellow_urine,yellowing_of_eyes,malaise,receiving_blood_transfusion,receiving_unsterile_injections,,,,,,
hepatitis_c,fatigue,yellowish_skin,loss_of_appetite,yellowing_of_eyes,family_history,,,,,,,,,,,,
hepatitis_c,fatigue,yellowish_skin,nausea,loss_of_appetite,family_history,,,,,,,,,,,,
hepatitis_c,fatigue,yellowish_skin,nausea,loss_of_appetite,yellowing_of_eyes,family_history,,,,,,,,,,,
hepatitis_c,yellowish_skin,nausea,loss_of_appetite,yellowing_of_eyes,family_history,,,,,,,,,,,,
hepatitis_c,fatigue,nausea,loss_of_appetite,yellowing_of_eyes,family_history,,,,,,,,,,,,
hepatitis_c,fatigue,yellowish_skin,nausea,yellowing_of_eyes,family_history,,,,,,,,,,,,
hepatitis_c,fatigue,yellowish_skin,nausea,loss_of_appetite,yellowing_of_eyes,,,,,,,,,,,,
hepatitis_d,joint_pain,vomiting,fatigue,yellowish_skin,dark_urine,nausea,abdominal_pain,yellowing_of_eyes,,,,,,,,,
hepatitis_d,joint_pain,vomiting,fatigue,yellowish_skin,dark_urine,loss_of_appetite,abdominal_pain,yellowing_of_eyes,,,,,,,,,
hepatitis_d,joint_pain,vomiting,fatigue,yellowish_skin,nausea,loss_of_appetite,abdominal_pain,yellowing_of_eyes,,,,,,,,,
hepatitis_d,joint_pain,vomiting,fatigue,dark_urine,nausea,loss_of_appetite,abdominal_pain,yellowing_of_eyes,,,,,,,,,
hepatitis_d,joint_pain,vomiting,yellowish_skin,dark_urine,nausea,loss_of_appetite,abdominal_pain,yellowing_of_eyes,,,,,,,,,
hepatitis_d,joint_pain,fatigue,yellowish_skin,dark_urine,nausea,loss_of_appetite,abdominal_pain,yellowing_of_eyes,,,,,,,,,
hepatitis_d,vomiting,fatigue,yellowish_skin,dark_urine,nausea,loss_of_appetite,abdominal_pain,yellowing_of_eyes,,,,,,,,,
hepatitis_d,joint_pain,vomiting,fatigue,yellowish_skin,dark_urine,nausea,loss_of_appetite,abdominal_pain,yellowing_of_eyes,,,,,,,,
hepatitis_d,joint_pain,vomiting,fatigue,yellowish_skin,dark_urine,nausea,loss_of_appetite,abdominal_pain,,,,,,,,,
hepatitis_d,joint_pain,vomiting,fatigue,yellowish_skin,dark_urine,nausea,loss_of_appetite,yellowing_of_eyes,,,,,,,,,
hepatitis_e,joint_pain,vomiting,fatigue,high_fever,yellowish_skin,dark_urine,nausea,loss_of_appetite,abdominal_pain,yellowing_of_eyes,coma,stomach_bleeding,,,,,
hepatitis_e,joint_pain,vomiting,fatigue,high_fever,yellowish_skin,dark_urine,nausea,loss_of_appetite,abdominal_pain,yellowing_of_eyes,acute_liver_failure,coma,stomach_bleeding,,,,
hepatitis_e,joint_pain,fatigue,high_fever,yellowish_skin,dark_urine,nausea,loss_of_appetite,abdominal_pain,yellowing_of_eyes,acute_liver_failure,coma,stomach_bleeding,,,,,
hepatitis_e,joint_pain,vomiting,high_fever,yellowish_skin,dark_urine,nausea,loss_of_appetite,abdominal_pain,yellowing_of_eyes,acute_liver_failure,coma,stomach_bleeding,,,,,
hepatitis_e,joint_pain,vomiting,fatigue,yellowish_skin,dark_urine,nausea,loss_of_appetite,abdominal_pain,yellowing_of_eyes,acute_liver_failure,coma,stomach_bleeding,,,,,
hepatitis_e,joint_pain,vomiting,fatigue,high_fever,yellowish_skin,nausea,loss_of_appetite,abdominal_pain,yellowing_of_eyes,acute_liver_failure,coma,stomach_bleeding,,,,,
hepatitis_e,joint_pain,vomiting,fatigue,high_fever,yellowish_skin,dark_urine,loss_of_appetite,abdominal_pain,yellowing_of_eyes,acute_liver_failure,coma,stomach_bleeding,,,,,
hepatitis_e,joint_pain,vomiting,fatigue,high_fever,dark_urine,nausea,loss_of_appetite,abdominal_pain,yellowing_of_eyes,acute_liver_failure,coma,stomach_bleeding,,,,,
hepatitis_e,vomiting,fatigue,high_fever,yellowish_skin,dark_urine,nausea,loss_of_appetite,abdominal_pain,yellowing_of_eyes,acute_liver_failure,coma,stomach_bleeding,,,,,
hypertension,chest_pain,dizziness,loss_of_balance,lack_of_concentration,,,,,,,,,,,,,
hypertension,headache,chest_pain,dizziness,loss_of_balance,lack_of_concentration,,,,,,,,,,,,
hypertension,headache,chest_pain,loss_of_balance,lack_of_concentration,,,,,,,,,,,,,
hypertension,headache,chest_pain,dizziness,lack_of_concentration,,,,,,,,,,,,,
hypertension,headache,chest_pain,dizziness,loss_of_balance,,,,,,,,,,,,,
hypertension,headache,dizziness,loss_of_balance,lack_of_concentration,,,,,,,,,,,,,
hyperthyroidism,fatigue,weight_loss,restlessness,sweating,diarrhoea,fast_heart_rate,excessive_hunger,muscle_weakness,irritability,abnormal_menstruation,,,,,,,
hyperthyroidism,fatigue,mood_swings,restlessness,sweating,diarrhoea,fast_heart_rate,excessive_hunger,muscle_weakness,irritability,abnormal_menstruation,,,,,,,
hyperthyroidism,fatigue,mood_swings,weight_loss,sweating,diarrhoea,fast_heart_rate,excessive_hunger,muscle_weakness,irritability,abnormal_menstruation,,,,,,,
hyperthyroidism,fatigue,mood_swings,weight_loss,restlessness,diarrhoea,fast_heart_rate,excessive_hunger,muscle_weakness,irritability,abnormal_menstruation,,,,,,,
hyperthyroidism,fatigue,mood_swings,weight_loss,restlessness,sweating,fast_heart_rate,excessive_hunger,muscle_weakness,irritability,abnormal_menstruation,,,,,,,
hyperthyroidism,fatigue,mood_swings,weight_loss,restlessness,sweating,diarrhoea,excessive_hunger,muscle_weakness,irritability,abnormal_menstruation,,,,,,,
hyperthyroidism,fatigue,mood_swings,weight_loss,restlessness,sweating,diarrhoea,fast_heart_rate,muscle_weakness,irritability,abnormal_menstruation,,,,,,,
hyperthyroidism,fatigue,mood_swings,weight_loss,restlessness,sweating,diarrhoea,fast_heart_rate,excessive_hunger,muscle_weakness,irritability,abnormal_menstruation,,,,,,
hyperthyroidism,mood_swings,weight_loss,restlessness,sweating,diarrhoea,fast_heart_rate,excessive_hunger,muscle_weakness,irritability,abnormal_menstruation,,,,,,,
hypoglycemia,vomiting,fatigue,anxiety,sweating,headache,blurred_and_distorted_vision,excessive_hunger,drying_and_tingling_lips,slurred_speech,irritability,palpitations,,,,,,
hypoglycemia,vomiting,fatigue,sweating,headache,nausea,blurred_and_distorted_vision,excessive_hunger,drying_and_tingling_lips,slurred_speech,irritability,palpitations,,,,,,
hypoglycemia,vomiting,anxiety,sweating,headache,nausea,blurred_and_distorted_vision,excessive_hunger,drying_and_tingling_lips,slurred_speech,irritability,palpitations,,,,,,
hypoglycemia,fatigue,anxiety,sweating,headache,nausea,blurred_and_distorted_vision,excessive_hunger,drying_and_tingling_lips,slurred_speech,irritability,palpitations,,,,,,
hypoglycemia,vomiting,fatigue,anxiety,sweating,headache,nausea,blurred_and_distorted_vision,excessive_hunger,drying_and_tingling_lips,slurred_speech,irritability,palpitations,,,,,
hypoglycemia,vomiting,fatigue,anxiety,sweating,headache,nausea,blurred_and_distorted_vision,excessive_hunger,slurred_speech,irritability,palpitations,,,,,,
hypoglycemia,vomiting,fatigue,anxiety,sweating,headache,nausea,excessive_hunger,drying_and_tingling_lips,slurred_speech,irritability,palpitations,,,,,,
hypoglycemia,vomiting,fatigue,anxiety,sweating,nausea,blurred_and_distorted_vision,excessive_hunger,drying_and_tingling_lips,slurred_speech,irritability,palpitations,,,,,,
hypoglycemia,vomiting,fatigue,anxiety,headache,nausea,blurred_and_distorted_vision,excessive_hunger,drying_and_tingling_lips,slurred_speech,irritability,palpitations,,,,,,
hypothyroidism,fatigue,cold_hands_and_feet,mood_swings,lethargy,dizziness,puffy_face_and_eyes,enlarged_thyroid,brittle_nails,swollen_extremities,depression,irritability,abnormal_menstruation,,,,,
hypothyroidism,fatigue,weight_gain,mood_swings,lethargy,dizziness,puffy_face_and_eyes,enlarged_thyroid,brittle_nails,swollen_extremities,depression,irritability,abnormal_menstruation,,,,,
hypothyroidism,fatigue,weight_gain,cold_hands_and_feet,mood_swings,lethargy,puffy_face_and_eyes,enlarged_thyroid,brittle_nails,swollen_extremities,depression,irritability,abnormal_menstruation,,,,,
hypothyroidism,fatigue,weight_gain,cold_hands_and_feet,lethargy,dizziness,puffy_face_and_eyes,enlarged_thyroid,brittle_nails,swollen_extremities,depression,irritability,abnormal_menstruation,,,,,
hypothyroidism,fatigue,weight_gain,cold_hands_and_feet,mood_swings,dizziness,puffy_face_and_eyes,enlarged_thyroid,brittle_nails,swollen_extremities,depression,irritability,abnormal_menstruation,,,,,
hypothyroidism,fatigue,weight_gain,cold_hands_and_feet,mood_swings,lethargy,dizziness,puffy_face_and_eyes,enlarged_thyroid,brittle_nails,swollen_extremities,depression,irritability,abnormal_menstruation,,,,
hypothyroidism,weight_gain,cold_hands_and_feet,mood_swings,lethargy,dizziness,puffy_face_and_eyes,enlarged_thyroid,brittle_nails,swollen_extremities,depression,irritability,abnormal_menstruation,,,,,
hypothyroidism,fatigue,weight_gain,cold_hands_and_feet,mood_swings,lethargy,dizziness,enlarged_thyroid,brittle_nails,swollen_extremities,depression,irritability,abnormal_menstruation,,,,,
impetigo,skin_rash,high_fever,blister,red_sore_around_nose,yellow_crust_ooze,,,,,,,,,,,,
impetigo,high_fever,blister,red_sore_around_nose,yellow_crust_ooze,,,,,,,,,,,,,
impetigo,skin_rash,blister,red_sore_around_nose,yellow_crust_ooze,,,,,,,,,,,,,
impetigo,skin_rash,high_fever,red_sore_around_nose,yellow_crust_ooze,,,,,,,,,,,,,
impetigo,skin_rash,high_fever,blister,yellow_crust_ooze,,,,,,,,,,,,,
impetigo,skin_rash,high_fever,blister,red_sore_around_nose,,,,,,,,,,,,,
jaundice,vomiting,fatigue,weight_loss,high_fever,yellowish_skin,dark_urine,abdominal_pain,,,,,,,,,,
jaundice,itching,vomiting,weight_loss,high_fever,yellowish_skin,dark_urine,abdominal_pain,,,,,,,,,,
jaundice,itching,vomiting,fatigue,high_fever,yellowish_skin,dark_urine,abdominal_pain,,,,,,,,,,
jaundice,itching,vomiting,fatigue,weight_loss,yellowish_skin,dark_urine,abdominal_pain,,,,,,,,,,
jaundice,itching,vomiting,fatigue,weight_loss,high_fever,dark_urine,abdominal_pain,,,,,,,,,,
jaundice,itching,vomiting,fatigue,weight_loss,high_fever,yellowish_skin,dark_urine,abdominal_pain,,,,,,,,,
jaundice,itching,vomiting,fatigue,weight_loss,high_fever,yellowish_skin,abdominal_pain,,,,,,,,,,
jaundice,itching,vomiting,fatigue,weight_loss,high_fever,yellowish_skin,dark_urine,,,,,,,,,,
jaundice,itching,fatigue,weight_loss,high_fever,yellowish_skin,dark_urine,abdominal_pain,,,,,,,,,,
malaria,chills,vomiting,high_fever,sweating,headache,nausea,muscle_pain,,,,,,,,,,
malaria,chills,vomiting,high_fever,sweating,headache,nausea,diarrhoea,muscle_pain,,,,,,,,,
malaria,vomiting,high_fever,sweating,headache,nausea,diarrhoea,muscle_pain,,,,,,,,,,
malaria,chills,vomiting,high_fever,headache,nausea,diarrhoea,muscle_pain,,,,,,,,,,
malaria,chills,vomiting,high_fever,sweating,nausea,diarrhoea,muscle_pain,,,,,,,,,,
malaria,chills,vomiting,high_fever,sweating,headache,diarrhoea,muscle_pain,,,,,,,,,,
malaria,chills,high_fever,sweating,headache,nausea,diarrhoea,muscle_pain,,,,,,,,,,
malaria,chills,vomiting,sweating,headache,nausea,diarrhoea,muscle_pain,,,,,,,,,,
migraine,acidity,indigestion,headache,excessive_hunger,stiff_neck,depression,irritability,visual_disturbances,,,,,,,,,
migraine,acidity,indigestion,blurred_and_distorted_vision,excessive_hunger,stiff_neck,depression,irritability,visual_disturbances,,,,,,,,,
migraine,acidity,headache,blurred_and_distorted_vision,excessive_hunger,stiff_neck,depression,irritability,visual_disturbances,,,,,,,,,
migraine,indigestion,headache,blurred_and_distorted_vision,excessive_hunger,stiff_neck,depression,irritability,visual_disturbances,,,,,,,,,
migraine,acidity,indigestion,headache,blurred_and_distorted_vision,excessive_hunger,stiff_neck,depression,irritability,visual_disturbances,,,,,,,,
migraine,acidity,indigestion,headache,blurred_and_distorted_vision,excessive_hunger,depression,irritability,visual_disturbances,,,,,,,,,
migraine,acidity,indigestion,headache,blurred_and_distorted_vision,excessive_hunger,stiff_neck,depression,irritability,,,,,,,,,
migraine,acidity,indigestion,headache,blurred_and_distorted_vision,excessive_hunger,stiff_neck,depression,visual_disturbances,,,,,,,,,
migraine,acidity,indigestion,headache,blurred_and_distorted_vision,stiff_neck,depression,irritability,visual_disturbances,,,,,,,,,
migraine,acidity,indigestion,headache,blurred_and_distorted_vision,excessive_hunger,stiff_neck,irritability,visual_disturbances,,,,,,,,,
osteoarthritis,joint_pain,neck_pain,knee_pain,hip_joint_pain,swelling_joints,painful_walking,,,,,,,,,,,
osteoarthritis,neck_pain,knee_pain,hip_joint_pain,swelling_joints,painful_walking,,,,,,,,,,,,
osteoarthritis,joint_pain,knee_pain,hip_joint_pain,swelling_joints,painful_walking,,,,,,,,,,,,
osteoarthritis,joint_pain,neck_pain,hip_joint_pain,swelling_joints,painful_walking,,,,,,,,,,,,
osteoarthritis,joint_pain,neck_pain,knee_pain,swelling_joints,painful_walking,,,,,,,,,,,,
osteoarthritis,joint_pain,neck_pain,knee_pain,hip_joint_pain,painful_walking,,,,,,,,,,,,
osteoarthritis,joint_pain,neck_pain,knee_pain,hip_joint_pain,swelling_joints,,,,,,,,,,,,
paralysis_brain_hemorrhage,vomiting,weakness_of_one_body_side,altered_sensorium,,,,,,,,,,,,,,
paralysis_brain_hemorrhage,vomiting,headache,altered_sensorium,,,,,,,,,,,,,,
paralysis_brain_hemorrhage,vomiting,headache,weakness_of_one_body_side,,,,,,,,,,,,,,
paralysis_brain_hemorrhage,headache,weakness_of_one_body_side,altered_sensorium,,,,,,,,,,,,,,
paralysis_brain_hemorrhage,vomiting,headache,weakness_of_one_body_side,altered_sensorium,,,,,,,,,,,,,
paroxysmal_positional_vertigo,vomiting,headache,nausea,spinning_movements,loss_of_balance,unsteadiness,,,,,,,,,,,
paroxysmal_positional_vertigo,vomiting,headache,nausea,spinning_movements,loss_of_balance,,,,,,,,,,,,
paroxysmal_positional_vertigo,vomiting,headache,nausea,spinning_movements,unsteadiness,,,,,,,,,,,,
paroxysmal_positional_vertigo,headache,nausea,spinning_movements,loss_of_balance,unsteadiness,,,,,,,,,,,,
paroxysmal_positional_vertigo,vomiting,nausea,spinning_movements,loss_of_balance,unsteadiness,,,,,,,,,,,,
paroxysmal_positional_vertigo,vomiting,headache,spinning_movements,loss_of_balance,unsteadiness,,,,,,,,,,,,
paroxysmal_positional_vertigo,vomiting,headache,nausea,loss_of_balance,unsteadiness,,,,,,,,,,,,
peptic_ulcer_disease,vomiting,indigestion,loss_of_appetite,abdominal_pain,passage_of_gases,internal_itching,,,,,,,,,,,
peptic_ulcer_disease,vomiting,indigestion,loss_of_appetite,abdominal_pain,passage_of_gases,,,,,,,,,,,,
peptic_ulcer_disease,vomiting,indigestion,loss_of_appetite,abdominal_pain,internal_itching,,,,,,,,,,,,
peptic_ulcer_disease,vomiting,indigestion,loss_of_appetite,passage_of_gases,internal_itching,,,,,,,,,,,,
peptic_ulcer_disease,indigestion,loss_of_appetite,abdominal_pain,passage_of_gases,internal_itching,,,,,,,,,,,,
peptic_ulcer_disease,vomiting,indigestion,abdominal_pain,passage_of_gases,internal_itching,,,,,,,,,,,,
peptic_ulcer_disease,vomiting,loss_of_appetite,abdominal_pain,passage_of_gases,internal_itching,,,,,,,,,,,,
pneumonia,chills,fatigue,cough,high_fever,breathlessness,malaise,phlegm,chest_pain,fast_heart_rate,rusty_sputum,,,,,,,
pneumonia,chills,fatigue,cough,high_fever,sweating,malaise,phlegm,chest_pain,fast_heart_rate,rusty_sputum,,,,,,,
pneumonia,chills,fatigue,cough,breathlessness,sweating,malaise,phlegm,chest_pain,fast_heart_rate,rusty_sputum,,,,,,,
pneumonia,chills,fatigue,cough,high_fever,breathlessness,sweating,phlegm,chest_pain,fast_heart_rate,rusty_sputum,,,,,,,
pneumonia,chills,fatigue,high_fever,breathlessness,sweating,malaise,phlegm,chest_pain,fast_heart_rate,rusty_sputum,,,,,,,
pneumonia,fatigue,cough,high_fever,breathlessness,sweating,malaise,phlegm,chest_pain,fast_heart_rate,rusty_sputum,,,,,,,
pneumonia,chills,fatigue,cough,high_fever,breathlessness,sweating,malaise,phlegm,chest_pain,fast_heart_rate,rusty_sputum,,,,,,
pneumonia,chills,fatigue,cough,high_fever,breathlessness,sweating,malaise,chest_pain,fast_heart_rate,rusty_sputum,,,,,,,
pneumonia,chills,cough,high_fever,breathlessness,sweating,malaise,phlegm,chest_pain,fast_heart_rate,rusty_sputum,,,,,,,
psoriasis,skin_rash,joint_pain,skin_peeling,small_dents_in_nails,inflammatory_nails,,,,,,,,,,,,
psoriasis,skin_rash,skin_peeling,silver_like_dusting,small_dents_in_nails,inflammatory_nails,,,,,,,,,,,,
psoriasis,joint_pain,skin_peeling,silver_like_dusting,small_dents_in_nails,inflammatory_nails,,,,,,,,,,,,
psoriasis,skin_rash,joint_pain,skin_peeling,silver_like_dusting,small_dents_in_nails,inflammatory_nails,,,,,,,,,,,
psoriasis,skin_rash,joint_pain,skin_peeling,silver_like_dusting,inflammatory_nails,,,,,,,,,,,,
psoriasis,skin_rash,joint_pain,skin_peeling,silver_like_dusting,small_dents_in_nails,,,,,,,,,,,,
psoriasis,skin_rash,joint_pain,silver_like_dusting,small_dents_in_nails,inflammatory_nails,,,,,,,,,,,,
tuberculosis,chills,vomiting,fatigue,weight_loss,cough,high_fever,breathlessness,sweating,loss_of_appetite,fever,yellowing_of_eyes,swelled_lymph_nodes,malaise,phlegm,chest_pain,blood_in_sputum,
tuberculosis,chills,vomiting,fatigue,weight_loss,high_fever,breathlessness,sweating,loss_of_appetite,fever,yellowing_of_eyes,swelled_lymph_nodes,malaise,phlegm,chest_pain,blood_in_sputum,,
tuberculosis,vomiting,fatigue,weight_loss,cough,high_fever,breathlessness,sweating,loss_of_appetite,fever,yellowing_of_eyes,swelled_lymph_nodes,malaise,phlegm,chest_pain,blood_in_sputum,,
tuberculosis,chills,fatigue,weight_loss,cough,high_fever,breathlessness,sweating,loss_of_appetite,fever,yellowing_of_eyes,swelled_lymph_nodes,malaise,phlegm,chest_pain,blood_in_sputum,,
tuberculosis,chills,vomiting,weight_loss,cough,high_fever,breathlessness,sweating,loss_of_appetite,fever,yellowing_of_eyes,swelled_lymph_nodes,malaise,phlegm,chest_pain,blood_in_sputum,,
tuberculosis,chills,vomiting,fatigue,cough,high_fever,breathlessness,sweating,loss_of_appetite,fever,yellowing_of_eyes,swelled_lymph_nodes,malaise,phlegm,chest_pain,blood_in_sputum,,
tuberculosis,chills,vomiting,fatigue,weight_loss,cough,high_fever,breathlessness,loss_of_appetite,fever,yellowing_of_eyes,swelled_lymph_nodes,malaise,phlegm,chest_pain,blood_in_sputum,,
tuberculosis,chills,vomiting,fatigue,weight_loss,cough,high_fever,sweating,loss_of_appetite,fever,yellowing_of_eyes,swelled_lymph_nodes,malaise,phlegm,chest_pain,blood_in_sputum,,
tuberculosis,chills,vomiting,fatigue,weight_loss,cough,breathlessness,sweating,loss_of_appetite,fever,yellowing_of_eyes,swelled_lymph_nodes,malaise,phlegm,chest_pain,blood_in_sputum,,
typhoid,chills,vomiting,fatigue,high_fever,headache,nausea,constipation,abdominal_pain,diarrhoea,toxic_look_(typhus),,,,,,,
typhoid,chills,vomiting,fatigue,high_fever,headache,nausea,constipation,abdominal_pain,diarrhoea,belly_pain,,,,,,,
typhoid,chills,vomiting,fatigue,high_fever,headache,nausea,constipation,abdominal_pain,toxic_look_(typhus),belly_pain,,,,,,,
typhoid,chills,fatigue,high_fever,headache,nausea,constipation,abdominal_pain,diarrhoea,toxic_look_(typhus),belly_pain,,,,,,,
typhoid,chills,vomiting,fatigue,high_fever,headache,nausea,abdominal_pain,diarrhoea,toxic_look_(typhus),belly_pain,,,,,,,
typhoid,chills,vomiting,fatigue,high_fever,headache,constipation,abdominal_pain,diarrhoea,toxic_look_(typhus),belly_pain,,,,,,,
typhoid,chills,vomiting,fatigue,high_fever,nausea,constipation,abdominal_pain,diarrhoea,toxic_look_(typhus),belly_pain,,,,,,,
typhoid,chills,vomiting,fatigue,high_fever,headache,nausea,constipation,abdominal_pain,diarrhoea,toxic_look_(typhus),belly_pain,,,,,,
typhoid,chills,vomiting,fatigue,high_fever,headache,nausea,constipation,diarrhoea,toxic_look_(typhus),belly_pain,,,,,,,
urinary_tract_infection,burning_micturition,bladder_discomfort,foul_smell_of_urine,continuous_feel_of_urine,,,,,,,,,,,,,
urinary_tract_infection,bladder_discomfort,foul_smell_of_urine,continuous_feel_of_urine,,,,,,,,,,,,,,
urinary_tract_infection,burning_micturition,foul_smell_of_urine,continuous_feel_of_urine,,,,,,,,,,,,,,
urinary_tract_infection,burning_micturition,bladder_discomfort,continuous_feel_of_urine,,,,,,,,,,,,,,
urinary_tract_infection,burning_micturition,bladder_discomfort,foul_smell_of_urine,,,,,,,,,,,,,,
varicose_veins,fatigue,cramps,bruising,obesity,swollen_blood_vessels,prominent_veins_on_calf,,,,,,,,,,,
varicose_veins,fatigue,cramps,obesity,swollen_legs,swollen_blood_vessels,prominent_veins_on_calf,,,,,,,,,,,
varicose_veins,fatigue,bruising,obesity,swollen_legs,swollen_blood_vessels,prominent_veins_on_calf,,,,,,,,,,,
varicose_veins,cramps,bruising,obesity,swollen_legs,swollen_blood_vessels,prominent_veins_on_calf,,,,,,,,,,,
varicose_veins,fatigue,cramps,bruising,obesity,swollen_legs,swollen_blood_vessels,prominent_veins_on_calf,,,,,,,,,,
varicose_veins,fatigue,cramps,bruising,obesity,swollen_legs,prominent_veins_on_calf,,,,,,,,,,,
varicose_veins,fatigue,cramps,bruising,swollen_legs,swollen_blood_vessels,prominent_veins_on_calf,,,,,,,,,,,
varicose_veins,fatigue,cramps,bruising,obesity,swollen_legs,swollen_blood_vessels,,,,,,,,,,,
